{
  "minecraft:adventure/distant_lands": {
    "criteria": {
      "clifftree:sparse_forest": "2024-07-19 20:12:12 +0000",
      "minecraft:savanna": "2024-07-19 20:12:23 +0000",
      "clifftree:temperate_beach": "2024-07-19 20:13:09 +0000"
    },
    "done": false
  },
  "minecraft:recipes/decorations/crafting_table": {
    "criteria": {
      "unlock_right_away": "2024-07-19 20:12:11 +0000"
    },
    "done": true
  },
  "minecraft:adventure/adventuring_time": {
    "criteria": {
      "minecraft:beach": "2024-07-19 20:13:09 +0000",
      "clifftree:sparse_forest": "2024-07-19 20:12:12 +0000",
      "minecraft:savanna": "2024-07-19 20:12:23 +0000"
    },
    "done": false
  },
  "DataVersion": 3953
}